match_id,member_no,match_member_no,why
1,1,18,"Given their expertise in overcoming leadership challenges, they could collaborate to implement strategic operational improvements in business processes."
2,1,25,Collaborating could leverage your extensive global market experience to identify and exploit new opportunities in the local Oregon market.
3,2,18,"Despite your hesitance towards networking, collaborating to explore the intersection of technology evolution and innovative business solutions could yield valuable insights and advancements."
4,3,18,"Although one party is not interested in networking, exploring shared interests in strategic consulting may reveal valuable insights for both, potentially leading to innovative solutions in the consultancy landscape."
5,3,25,"Collaborating could amplify your inspirational message, reaching more individuals who need guidance to overcome their fears and build successful careers."
6,3,26,Partnering with your innovative software can provide our church and social services team with streamlined processes that enhance outreach and efficiency while expanding our impact on the community.
7,4,18,"Given your expertise in broker associate roles and unique industry perspective, collaborating on innovative networking solutions could benefit both of our professional landscapes."
8,4,25,"Given your expertise in legal services and their evolving dynamics, we could collaborate to explore innovative approaches to enhance attorney management and improve service delivery in the legal sector."
9,4,26,"Partnering could leverage innovative software solutions to optimize financial strategies and enhance client outreach, driving both sales and efficiency."
10,5,18,"Given your expertise in enhancing sales performance and coaching, collaborating could provide valuable insights into personal and professional development trends that align with my focus."
11,6,18,"Leveraging expertise in coaching and consulting, a collaboration could enhance performance improvement programs for tech companies looking to expand into the African market."
12,6,25,Collaborating could enhance insights into e-commerce innovations while merging your retail expertise with my technology focus to leverage impactful IT solutions.
13,6,26,Collaborating to create accessible coaching resources that empower individuals in both Nigeria and the US could leverage unique perspectives and experiences from both backgrounds.
14,6,27,"Given the unique consulting insights and performance enhancement strategies from Nigeria, collaboration could yield innovative approaches to professional development and training technologies beneficial to a broad audience."
15,7,18,"Given your willingness to connect and network, collaborating on outreach initiatives inspired by your book could effectively support those in need while leveraging local resources."
16,7,25,"Partnering to integrate innovative HR consulting services could streamline operations and enhance the marketing approach, driving more sales and client engagement."
17,7,27,"Collaboration could be beneficial to leverage your expertise in transforming companies with my commitment to accessible resources, creating impactful solutions for individuals and businesses alike."
18,7,37,"Together, we can leverage our unique backgrounds to inspire and empower others, combining motivational speaking with insights into regional market trends to foster personal and professional growth."
19,7,45,Their combined expertise in leadership and disaster response could foster innovative solutions for organizations facing social challenges.
20,8,34,Collaborating to provide financial literacy workshops that empower individuals to manage their finances with confidence could create a meaningful impact.
21,8,45,Your expertise in overcoming leadership challenges could greatly benefit my initiatives in strategic networking and collaboration.
22,8,46,Collaboration could focus on leveraging technology to enhance community outreach and support disaster relief efforts through innovative IT solutions.
23,9,18,Collaborating on impactful marketing strategies could provide valuable insights into consumer engagement for tech-driven projects.
24,9,25,"By combining your unique insights into business ownership and entrepreneurship with my innovative software solutions, we can create a powerful partnership that not only boosts sales but also empowers individuals to build lasting legacies."
25,9,27,Collaborating on a workshop that combines inspirational speaking with financial literacy could empower individuals to overcome their fears surrounding career and financial management.
26,9,37,Collaborating to promote your book's message through strategic marketing initiatives could greatly amplify its reach and impact.
27,10,18,"Leveraging my expertise in market research and strategic advertising, I can help enhance your brand visibility and reach in the competitive landscape, fostering collaboration that can benefit both of our networks."
28,10,25,"Partnering can leverage your unique software and her inspiring narrative to create impactful marketing strategies that not only attract clients but also resonate emotionally, driving sales and fostering community engagement."
29,10,26,Collaborating could enhance your innovative software's market reach while leveraging my expertise in technology evolution and direct sales to strategically attract more clients and streamline operational efficiencies.
30,10,27,Collaborating on innovative solutions to make technology more accessible and affordable aligns perfectly with both our expertise in helping others and advancing technology evolution.
31,10,34,"Given her background in overcoming adversity and inspiring others, a collaboration could focus on developing workshops or content that empowers individuals to build confidence in their professional lives through shared experiences and innovative learning methods."
32,10,37,Collaborating on community outreach initiatives could combine the Pastor's leadership and communication skills with the bookkeeping expert’s financial acumen to better serve those in need.
33,10,45,"Both backgrounds can synergize through a collaboration that focuses on leveraging leadership and communication skills to create innovative social programs that enhance community resilience, particularly in disaster recovery efforts."
34,11,18,Collaborating could leverage your marketing expertise to enhance visibility for the bookkeeping services while integrating innovative strategies to address small business financial health.
35,12,22,Leveraging your unique insights into insurance dynamics alongside innovative marketing strategies could create a powerful partnership aimed at increasing sales and client outreach in the health and insurance sectors.
36,12,34,Collaborating on workshops that merge innovation principles with motivational speaking could empower individuals to overcome their fears and enhance their career development.
37,12,45,The unique blend of financial insights and social service leadership can create impactful community programs that foster economic resilience in times of disaster.
38,13,15,Collaborating would leverage your unique consulting insights and innovative marketing software to dramatically enhance client acquisition and operational efficiency for both parties.
39,13,18,"By combining innovative IT solutions with inspirational storytelling, both can empower individuals to navigate technology-driven career paths with confidence and resilience."
40,13,21,"Exploring innovative IT solutions could enhance access to legal services for small businesses, aligning with your passion for equitable support."
41,13,25,"Although one background is semi-open to connecting, the mutual interest in technology trends and innovation could spark potential collaboration on emerging IT solutions."
42,13,26,Collaborating to create accessible technology solutions that empower individuals can combine your expertise in product innovation with a mission of uplifting communities.
43,13,27,A collaboration could leverage the director of product innovation's expertise in IT solutions with the small business bookkeeping specialist's insights on financial technology trends to create innovative financial management tools for small businesses.
44,13,34,Collaboration could leverage the unique perspective on product commercialization to create impactful narratives that inspire others to overcome fears in their careers.
45,13,37,Collaborating to integrate innovative IT solutions that support disaster response and community services would leverage both technology trends and social impact expertise.
46,13,45,Partnering could help you leverage innovative software to enhance e-commerce sales while expanding your knowledge in marketing and global business trends.
47,14,18,"Given your expertise in product innovation and my focus on IT solutions, we could explore potential collaborations related to emerging technology trends that may enhance user experiences and drive innovation."
48,14,27,"By leveraging your expertise in product innovation and cutting-edge technology trends, we can partner to enhance your software's appeal, streamline client acquisition, and increase sales efficiency."
49,14,34,Collaborating on e-commerce strategies could enhance your retail presence while leveraging expertise in bookkeeping for financial efficiency.
50,14,45,"Collaborating could enhance the small business financial strategies in e-commerce, leveraging innovative marketing insights to drive global retail growth."
51,15,13,Collaborating would leverage your unique consulting insights and innovative marketing software to dramatically enhance client acquisition and operational efficiency for both parties.
52,15,20,"By leveraging her impactful speaking and storytelling skills, she could inspire the growth and innovation needed in retail e-commerce, enhancing his global business outreach while overcoming challenges."
53,15,26,"The pastor's experience in disaster work and community service could provide valuable insights into the social implications of merchant services, while the product commercialization expertise may enhance outreach strategies for social initiatives."
54,15,27,"Collaborating could leverage the head of product commercialization expertise to enhance the accessibility of resources and support for individuals in need, aligning with the philanthropic mission of the co-author."
55,15,29,"A collaboration could explore the financial implications of e-commerce growth in emerging markets, leveraging insights into global business dynamics."
56,15,34,Collaborating to develop innovative community support programs could leverage both of your strengths in small business advocacy and social services.
57,15,37,Collaborating could enhance knowledge in global business strategies and disaster response communications while expanding networks that benefit both e-commerce and community service initiatives.
58,15,39,Collaborating to develop innovative resources and support systems for small businesses could leverage your expertise in accessibility to impact those in need.
59,15,42,"Given the interest in sports marketing and e-commerce, a collaboration could focus on creating affordable resources or workshops aimed at entrepreneurs in retail e-commerce, leveraging your book's principles on helping others."
60,15,45,"Given their interest in innovative marketing solutions and your unique software offering, a partnership could mutually enhance client acquisition and operational efficiency."
61,16,26,"Collaborating to develop innovative health technology solutions could enhance the well-being of individuals facing challenging times, leveraging both your expertise in entrepreneurship and my commitment to helping those in need."
62,16,37,Collaborating could enhance the effectiveness of small business leaders through tailored financial workshops and strategic performance improvements.
63,16,42,"Given your extensive experience in leadership and community service, a collaboration could leverage innovative solutions for disaster relief efforts and community-building initiatives."
64,16,45,The unique financial insights from Background 1 could enhance the self-confidence initiatives of Background 2 through strategic funding and resource allocation to impact-driven projects.
65,17,27,The unique insights on product commercialization in merchant services can inform innovative strategies for integrating new technologies into existing services.
66,17,34,"Partnering could provide insights into the evolving insurance landscape, enhancing group health initiatives and promoting community well-being."
67,17,45,The unique perspective of the attorney on legal services can enhance the retail e-commerce strategies while navigating legal landscapes in sports marketing and sponsorships.
68,18,1,"Given their expertise in overcoming leadership challenges, they could collaborate to implement strategic operational improvements in business processes."
69,18,2,"Despite your hesitance towards networking, collaborating to explore the intersection of technology evolution and innovative business solutions could yield valuable insights and advancements."
70,18,3,"Although one party is not interested in networking, exploring shared interests in strategic consulting may reveal valuable insights for both, potentially leading to innovative solutions in the consultancy landscape."
71,18,4,"Given your expertise in broker associate roles and unique industry perspective, collaborating on innovative networking solutions could benefit both of our professional landscapes."
72,18,5,"Given your expertise in enhancing sales performance and coaching, collaborating could provide valuable insights into personal and professional development trends that align with my focus."
73,18,6,"Leveraging expertise in coaching and consulting, a collaboration could enhance performance improvement programs for tech companies looking to expand into the African market."
74,18,7,"Given your willingness to connect and network, collaborating on outreach initiatives inspired by your book could effectively support those in need while leveraging local resources."
75,18,9,Collaborating on impactful marketing strategies could provide valuable insights into consumer engagement for tech-driven projects.
76,18,10,"Leveraging my expertise in market research and strategic advertising, I can help enhance your brand visibility and reach in the competitive landscape, fostering collaboration that can benefit both of our networks."
77,18,11,Collaborating could leverage your marketing expertise to enhance visibility for the bookkeeping services while integrating innovative strategies to address small business financial health.
78,18,13,"By combining innovative IT solutions with inspirational storytelling, both can empower individuals to navigate technology-driven career paths with confidence and resilience."
79,18,14,"Given your expertise in product innovation and my focus on IT solutions, we could explore potential collaborations related to emerging technology trends that may enhance user experiences and drive innovation."
80,18,19,"Given the interest in sports marketing and e-commerce, a collaboration could leverage impactful marketing strategies to enhance global brand awareness for retail products in the sports sector."
81,18,20,"Given your expertise in impactful marketing and brand awareness, collaborating could enhance promotional strategies for both parties despite the reluctance to network."
82,18,22,"Despite their reluctance towards networking, a collaboration could focus on leveraging her expertise as a business coach to develop innovative training solutions for small business owners in the tech industry."
83,18,23,"Despite not being interested in networking, collaborating with a skilled sales and marketing professional could yield insights into market expansion strategies that benefit Pasco's local businesses."
84,18,24,"While one partner is hesitant to network, collaborating on innovative marketing strategies that leverage consumer behavior insights could yield mutual benefits in today's competitive environment."
85,18,26,Collaborating could amplify your mission to inspire individuals by integrating innovative resources that support small businesses and foster resilience.
86,18,27,"Although one partner is not interested in networking, the systematic approach to financial success for small businesses could appeal to untapped market opportunities in Pasco, potentially leading to innovative solutions that benefit both parties."
87,18,28,"Given your entrepreneurial leadership background and interest in coaching, exploring opportunities in the tech industry may lead to innovative solutions while leveraging diverse perspectives from different sectors."
88,18,29,Partnering in bookkeeping and accounting services could enhance financial efficiency for small businesses in both regions.
89,18,30,"A potential collaboration could focus on leveraging your marketing expertise to enhance local SEO strategies for businesses in the Pasco area, despite the initial reluctance to network."
90,18,32,Collaborating could provide valuable insights on leadership and business growth strategies while integrating social outreach initiatives.
91,18,33,"Considering your unique perspective on legal services dynamics and trends, a collaboration could provide valuable insights into enhancing legal technology solutions."
92,18,34,"Given your keen interest in technology trends and my current disinterest in networking, collaborating on innovative IT solutions that leverage cutting-edge technology could yield mutual benefits."
93,18,36,"Despite the lack of interest in networking, a collaboration could provide valuable insights into innovative strategies that may streamline business operations for future growth."
94,18,37,"Despite a reluctance to network, your expertise in business development and unique industry insights could provide valuable perspectives to enhance strategic opportunities in the tech sector."
95,18,38,Your extensive international experience in identifying market opportunities can be leveraged to create effective strategies for innovative product launches and revenue growth collaborations.
96,18,39,Collaborating to enhance productivity tools and management training could leverage our combined expertise to create impactful business services.
97,18,40,Collaborated to enhance leadership effectiveness and performance through tailored workshop facilitation and process improvement strategies.
98,18,41,"Collaborating would allow for a powerful sharing of personal narratives and strategies to overcome challenges, thereby inspiring a broader audience."
99,18,43,"Given your unique expertise in grief support and public speaking, collaborating could provide valuable insights into emotional well-being trends, enhancing support services through innovative networking strategies."
100,18,44,"Given your leadership experience in entrepreneurship and a desire to support others in building legacies, collaborating could leverage your insights into creating impactful business ownership opportunities."
101,18,45,"Despite their reluctance to network, a collaboration on innovative marketing strategies could effectively enhance brand visibility and consumer engagement in both the U.S. and Singapore markets."
102,18,46,"Despite one partner's lack of interest in networking, the other could provide valuable insights into communication strategies that could enhance business activities."
103,19,18,"Given the interest in sports marketing and e-commerce, a collaboration could leverage impactful marketing strategies to enhance global brand awareness for retail products in the sports sector."
104,19,25,"Given your focus on coaching and performance enhancement, a collaboration could leverage your leadership skills to develop innovative training solutions that integrate technology trends from the industry."
105,20,15,"By leveraging her impactful speaking and storytelling skills, she could inspire the growth and innovation needed in retail e-commerce, enhancing his global business outreach while overcoming challenges."
106,20,18,"Given your expertise in impactful marketing and brand awareness, collaborating could enhance promotional strategies for both parties despite the reluctance to network."
107,20,25,"Her extensive experience in coaching small business owners can complement your work in making resources accessible, potentially creating impactful initiatives for entrepreneurs."
108,20,27,"Given your expertise in teaching and disaster work, a collaboration to create community outreach programs or disaster response resources would resonate well with both of us."
109,20,37,"Collaborating could leverage impactful marketing strategies to promote the affordable resources provided in your book, reaching a wider audience in need."
110,21,13,"Exploring innovative IT solutions could enhance access to legal services for small businesses, aligning with your passion for equitable support."
111,21,34,Collaborating could amplify our efforts in empowering small businesses through legal access while inspiring resilience and confidence in overcoming challenges.
112,21,45,"Despite one partner's lack of interest in networking, the unique marketing insights and brand awareness expertise could greatly enhance collaborative efforts in reaching new audiences and improving customer experience."
113,22,12,Leveraging your unique insights into insurance dynamics alongside innovative marketing strategies could create a powerful partnership aimed at increasing sales and client outreach in the health and insurance sectors.
114,22,18,"Despite their reluctance towards networking, a collaboration could focus on leveraging her expertise as a business coach to develop innovative training solutions for small business owners in the tech industry."
115,22,24,Combining her deep understanding of business growth with your insights on technology trends can lead to innovative IT solutions that empower small businesses.
116,22,25,"By leveraging her extensive experience in business coaching and your innovative marketing software, you could create a powerful partnership aimed at helping small business owners streamline their client acquisition processes while maximizing efficiency and growth."
117,22,26,"Leveraging her extensive expertise in business growth, she could provide valuable insights to enhance the effectiveness of innovative technology collaborations."
118,22,27,Collaboration could focus on creating accessible health and wellness resources inspired by both backgrounds' commitment to community support and awareness.
119,22,45,"Given your leadership experience in health and insurance, collaborating on innovative insurance solutions or group health initiatives could yield impactful benefits for communities while leveraging your unique industry insights."
120,23,18,"Despite not being interested in networking, collaborating with a skilled sales and marketing professional could yield insights into market expansion strategies that benefit Pasco's local businesses."
121,23,25,"Collaborating on health and wellness initiatives could combine your management expertise and unique insurance insights with her mission to inspire individuals to overcome challenges, fostering a supportive environment for personal and professional growth."
122,23,26,"Given your unique expertise in transforming companies and openness to networking, partnering could lead to innovative approaches in leadership transitions and strategic growth initiatives."
123,23,27,Collaborating on a project that combines innovative marketing strategies with inspirational speaking could effectively empower individuals to overcome challenges and succeed in their careers.
124,23,34,Collaborating could combine your leadership and management skills with his experience in community service to create impactful health and wellness initiatives in support of those in need.
125,23,45,Collaborating could enhance access to legal services for small businesses while integrating community-focused initiatives that support disaster relief efforts.
126,24,18,"While one partner is hesitant to network, collaborating on innovative marketing strategies that leverage consumer behavior insights could yield mutual benefits in today's competitive environment."
127,24,22,Combining her deep understanding of business growth with your insights on technology trends can lead to innovative IT solutions that empower small businesses.
128,24,27,"Both backgrounds emphasize the importance of effective communication and community support, making collaboration possible in outreach and marketing initiatives to benefit those in need."
129,24,34,Collaborating on initiatives to make affordable resources for personal development could create a positive impact and foster community connection.
130,24,45,"Collaborating to create accessible marketing resources and strategies could empower individuals and small businesses, aligning with the mission of paying it forward through affordable support."
131,25,1,Collaborating could leverage your extensive global market experience to identify and exploit new opportunities in the local Oregon market.
132,25,3,"Collaborating could amplify your inspirational message, reaching more individuals who need guidance to overcome their fears and build successful careers."
133,25,4,"Given your expertise in legal services and their evolving dynamics, we could collaborate to explore innovative approaches to enhance attorney management and improve service delivery in the legal sector."
134,25,6,Collaborating could enhance insights into e-commerce innovations while merging your retail expertise with my technology focus to leverage impactful IT solutions.
135,25,7,"Partnering to integrate innovative HR consulting services could streamline operations and enhance the marketing approach, driving more sales and client engagement."
136,25,9,"By combining your unique insights into business ownership and entrepreneurship with my innovative software solutions, we can create a powerful partnership that not only boosts sales but also empowers individuals to build lasting legacies."
137,25,10,"Partnering can leverage your unique software and her inspiring narrative to create impactful marketing strategies that not only attract clients but also resonate emotionally, driving sales and fostering community engagement."
138,25,13,"Although one background is semi-open to connecting, the mutual interest in technology trends and innovation could spark potential collaboration on emerging IT solutions."
139,25,19,"Given your focus on coaching and performance enhancement, a collaboration could leverage your leadership skills to develop innovative training solutions that integrate technology trends from the industry."
140,25,20,"Her extensive experience in coaching small business owners can complement your work in making resources accessible, potentially creating impactful initiatives for entrepreneurs."
141,25,22,"By leveraging her extensive experience in business coaching and your innovative marketing software, you could create a powerful partnership aimed at helping small business owners streamline their client acquisition processes while maximizing efficiency and growth."
142,25,23,"Collaborating on health and wellness initiatives could combine your management expertise and unique insurance insights with her mission to inspire individuals to overcome challenges, fostering a supportive environment for personal and professional growth."
143,25,26,"A collaboration could focus on developing innovative programs to empower aspiring entrepreneurs, leveraging both your management experience and interest in legacy creation."
144,25,27,Partnering could help streamline your marketing efforts and leverage innovative software to increase sales and client acquisition efficiently.
145,25,29,Collaboration could leverage her business coaching expertise and their marketing skills to enhance small business growth in the digital landscape.
146,25,30,"Partnering could provide valuable insights into strategic consulting dynamics, enhancing both our expertise and offerings."
147,25,32,A collaboration could leverage unique insights into consumer behavior to enhance marketing campaigns for emerging technologies.
148,25,34,Your expertise in improving organizational culture and performance can greatly enhance our ability to solve complex people challenges within our teams.
149,25,36,"Collaborating could leverage your expertise in sales coaching to enhance performance in networking strategies, benefiting both parties despite initial hesitations."
150,25,37,"Partnering could provide innovative strategies to enhance sales and business growth, aligning with a shared commitment to sustainable development despite differing interest levels in networking."
151,25,38,"Given the passion for helping small businesses and the ability to form instant rapport, collaborating could lead to impactful initiatives to support local entrepreneurship despite the initial reluctance to network."
152,25,39,Collaborating on grief support programs and public speaking initiatives could provide valuable insights and resources to help individuals through difficult times.
153,25,41,Collaborating on community disaster relief initiatives could leverage your expertise in social services and leadership while fostering meaningful connections.
154,25,43,The unique business development insights from the Texas-based consultant could offer valuable strategies for enhancing growth and networking opportunities in Oregon's emerging sectors.
155,25,44,"Despite differing interests in networking, collaboration could leverage your marketing expertise to elevate brand visibility in a unique way within the Oregon market."
156,25,45,"Given your systematic approach to financial success for small businesses, a collaboration could provide valuable insights into integrating innovative financial strategies within a tech-focused framework."
157,26,3,Partnering with your innovative software can provide our church and social services team with streamlined processes that enhance outreach and efficiency while expanding our impact on the community.
158,26,4,"Partnering could leverage innovative software solutions to optimize financial strategies and enhance client outreach, driving both sales and efficiency."
159,26,6,Collaborating to create accessible coaching resources that empower individuals in both Nigeria and the US could leverage unique perspectives and experiences from both backgrounds.
160,26,10,Collaborating could enhance your innovative software's market reach while leveraging my expertise in technology evolution and direct sales to strategically attract more clients and streamline operational efficiencies.
161,26,13,Collaborating to create accessible technology solutions that empower individuals can combine your expertise in product innovation with a mission of uplifting communities.
162,26,15,"The pastor's experience in disaster work and community service could provide valuable insights into the social implications of merchant services, while the product commercialization expertise may enhance outreach strategies for social initiatives."
163,26,16,"Collaborating to develop innovative health technology solutions could enhance the well-being of individuals facing challenging times, leveraging both your expertise in entrepreneurship and my commitment to helping those in need."
164,26,18,Collaborating could amplify your mission to inspire individuals by integrating innovative resources that support small businesses and foster resilience.
165,26,22,"Leveraging her extensive expertise in business growth, she could provide valuable insights to enhance the effectiveness of innovative technology collaborations."
166,26,23,"Given your unique expertise in transforming companies and openness to networking, partnering could lead to innovative approaches in leadership transitions and strategic growth initiatives."
167,26,25,"A collaboration could focus on developing innovative programs to empower aspiring entrepreneurs, leveraging both your management experience and interest in legacy creation."
168,26,34,"By combining your innovative software solutions with compassionate support strategies, we can create a unique marketing approach that enhances client engagement and drives sales while saving time and money for both parties."
169,26,35,"Given the willingness to connect and the expertise in bookkeeping and tax services, collaborating could enhance financial management solutions for small businesses across different states."
170,26,42,"Given your expertise in innovation sciences and technology evolution, collaborating to explore new avenues in product development could lead to impactful advancements in both education and industry."
171,26,45,"Your expertise in transforming companies can greatly benefit my focus on strategic innovation, making it valuable to connect despite my initial reluctance towards networking."
172,26,46,Collaborating could leverage your unique software to boost client engagement and sales while enhancing the self-confidence initiatives of your partner in Virginia.
173,27,6,"Given the unique consulting insights and performance enhancement strategies from Nigeria, collaboration could yield innovative approaches to professional development and training technologies beneficial to a broad audience."
174,27,7,"Collaboration could be beneficial to leverage your expertise in transforming companies with my commitment to accessible resources, creating impactful solutions for individuals and businesses alike."
175,27,9,Collaborating on a workshop that combines inspirational speaking with financial literacy could empower individuals to overcome their fears surrounding career and financial management.
176,27,10,Collaborating on innovative solutions to make technology more accessible and affordable aligns perfectly with both our expertise in helping others and advancing technology evolution.
177,27,13,A collaboration could leverage the director of product innovation's expertise in IT solutions with the small business bookkeeping specialist's insights on financial technology trends to create innovative financial management tools for small businesses.
178,27,14,"By leveraging your expertise in product innovation and cutting-edge technology trends, we can partner to enhance your software's appeal, streamline client acquisition, and increase sales efficiency."
179,27,15,"Collaborating could leverage the head of product commercialization expertise to enhance the accessibility of resources and support for individuals in need, aligning with the philanthropic mission of the co-author."
180,27,17,The unique insights on product commercialization in merchant services can inform innovative strategies for integrating new technologies into existing services.
181,27,18,"Although one partner is not interested in networking, the systematic approach to financial success for small businesses could appeal to untapped market opportunities in Pasco, potentially leading to innovative solutions that benefit both parties."
182,27,20,"Given your expertise in teaching and disaster work, a collaboration to create community outreach programs or disaster response resources would resonate well with both of us."
183,27,22,Collaboration could focus on creating accessible health and wellness resources inspired by both backgrounds' commitment to community support and awareness.
184,27,23,Collaborating on a project that combines innovative marketing strategies with inspirational speaking could effectively empower individuals to overcome challenges and succeed in their careers.
185,27,24,"Both backgrounds emphasize the importance of effective communication and community support, making collaboration possible in outreach and marketing initiatives to benefit those in need."
186,27,25,Partnering could help streamline your marketing efforts and leverage innovative software to increase sales and client acquisition efficiently.
187,27,28,"Collaborating could leverage your unique business development insights with my experience in empowering individuals through accessible resources, creating impactful solutions for communities."
188,27,31,"By combining your expertise in broker roles with my commitment to affordable resources for those in need, we can create impactful initiatives that address community challenges."
189,27,32,"Both backgrounds emphasize resilience and strategic growth, making a collaboration ideal for empowering small businesses to thrive through inspirational messaging and systematic financial approaches."
190,27,35,"By combining your expertise in financial planning with my commitment to affordable resources, we could create impactful tools that empower individuals during economic challenges."
191,27,37,"Collaborating could bring together effective financial management and accessible resources for small businesses, enhancing community support and growth."
192,27,38,Collaborating could leverage your coaching expertise and my insights from helping others to develop innovative programs for personal and professional growth.
193,27,39,"Collaborating to create accessible legal resources could empower individuals facing hardships, aligning with your mission of helping those in need."
194,27,40,"Collaborating could leverage technology to inspire and empower individuals in their career journeys, blending innovation with impactful storytelling."
195,27,41,Collaboration could be beneficial to develop affordable leadership training resources that empower businesses in challenging times.
196,27,42,"By leveraging your leadership expertise to streamline operations, we can enhance our innovative software's adoption, ultimately driving sales and expanding client reach while saving significant resources."
197,27,46,"By combining your expertise in regional account management with my dedication to helping others through accessible resources, we can create impactful initiatives that address community needs."
198,27,47,Collaborating to provide financial education and disaster relief strategies could leverage both parties' expertise in leadership and community service.
199,28,18,"Given your entrepreneurial leadership background and interest in coaching, exploring opportunities in the tech industry may lead to innovative solutions while leveraging diverse perspectives from different sectors."
200,28,27,"Collaborating could leverage your unique business development insights with my experience in empowering individuals through accessible resources, creating impactful solutions for communities."
201,28,34,A collaboration could combine her inspirational speaking and resilience messaging with unique financial strategies to empower individuals facing economic uncertainties.
202,28,45,Combining your insights into technology trends with the pastor's community focus could lead to innovative IT solutions for disaster management and social services.
203,29,15,"A collaboration could explore the financial implications of e-commerce growth in emerging markets, leveraging insights into global business dynamics."
204,29,18,Partnering in bookkeeping and accounting services could enhance financial efficiency for small businesses in both regions.
205,29,25,Collaboration could leverage her business coaching expertise and their marketing skills to enhance small business growth in the digital landscape.
206,29,34,A collaboration could combine her inspirational speaking and resilience training with unique HR consulting insights to empower individuals in building confidence within their careers.
207,29,45,The combination of your expertise in technology trends and my passion for helping others could lead to innovative IT solutions that empower communities during challenging times.
208,30,18,"A potential collaboration could focus on leveraging your marketing expertise to enhance local SEO strategies for businesses in the Pasco area, despite the initial reluctance to network."
209,30,25,"Partnering could provide valuable insights into strategic consulting dynamics, enhancing both our expertise and offerings."
210,31,27,"By combining your expertise in broker roles with my commitment to affordable resources for those in need, we can create impactful initiatives that address community challenges."
211,31,45,"By combining your expertise in HR consulting with my commitment to affordable self-help resources, we could develop innovative strategies that empower individuals and organizations during challenging times."
212,32,18,Collaborating could provide valuable insights on leadership and business growth strategies while integrating social outreach initiatives.
213,32,25,A collaboration could leverage unique insights into consumer behavior to enhance marketing campaigns for emerging technologies.
214,32,27,"Both backgrounds emphasize resilience and strategic growth, making a collaboration ideal for empowering small businesses to thrive through inspirational messaging and systematic financial approaches."
215,32,37,Collaborating on initiatives to empower individuals through community programs and workshops can harness both of your strengths in leadership and self-confidence building.
216,32,45,The HR consulting expertise combined with the Pastor's leadership and community service background can create impactful programs that support disaster recovery and workforce development initiatives.
217,33,18,"Considering your unique perspective on legal services dynamics and trends, a collaboration could provide valuable insights into enhancing legal technology solutions."
218,34,8,Collaborating to provide financial literacy workshops that empower individuals to manage their finances with confidence could create a meaningful impact.
219,34,10,"Given her background in overcoming adversity and inspiring others, a collaboration could focus on developing workshops or content that empowers individuals to build confidence in their professional lives through shared experiences and innovative learning methods."
220,34,12,Collaborating on workshops that merge innovation principles with motivational speaking could empower individuals to overcome their fears and enhance their career development.
221,34,13,Collaboration could leverage the unique perspective on product commercialization to create impactful narratives that inspire others to overcome fears in their careers.
222,34,14,Collaborating on e-commerce strategies could enhance your retail presence while leveraging expertise in bookkeeping for financial efficiency.
223,34,15,Collaborating to develop innovative community support programs could leverage both of your strengths in small business advocacy and social services.
224,34,17,"Partnering could provide insights into the evolving insurance landscape, enhancing group health initiatives and promoting community well-being."
225,34,18,"Given your keen interest in technology trends and my current disinterest in networking, collaborating on innovative IT solutions that leverage cutting-edge technology could yield mutual benefits."
226,34,21,Collaborating could amplify our efforts in empowering small businesses through legal access while inspiring resilience and confidence in overcoming challenges.
227,34,23,Collaborating could combine your leadership and management skills with his experience in community service to create impactful health and wellness initiatives in support of those in need.
228,34,24,Collaborating on initiatives to make affordable resources for personal development could create a positive impact and foster community connection.
229,34,25,Your expertise in improving organizational culture and performance can greatly enhance our ability to solve complex people challenges within our teams.
230,34,26,"By combining your innovative software solutions with compassionate support strategies, we can create a unique marketing approach that enhances client engagement and drives sales while saving time and money for both parties."
231,34,28,A collaboration could combine her inspirational speaking and resilience messaging with unique financial strategies to empower individuals facing economic uncertainties.
232,34,29,A collaboration could combine her inspirational speaking and resilience training with unique HR consulting insights to empower individuals in building confidence within their careers.
233,34,35,"Collaborating would leverage your marketing expertise to enhance the outreach of the affordable mental health resources developed in my book, benefiting those in need."
234,34,37,"Collaborating could combine her inspirational messaging on overcoming fear with innovative technology solutions, empowering others to pursue successful careers in the tech industry."
235,34,39,"Collaborating could empower legal professionals with the confidence and resilience necessary to navigate challenges in their careers, inspired by personal stories of overcoming adversity."
236,34,40,Combining expertise in technology trends with community outreach could yield innovative solutions to support disaster recovery and health initiatives.
237,34,42,Collaborating could combine her inspirational speaking and resilience narrative with unique market insights from the broker associate perspective to develop impactful career advancement workshops.
238,34,47,Collaborating to enhance small business visibility through targeted marketing strategies can significantly boost both accounting and brand awareness efforts.
239,35,26,"Given the willingness to connect and the expertise in bookkeeping and tax services, collaborating could enhance financial management solutions for small businesses across different states."
240,35,27,"By combining your expertise in financial planning with my commitment to affordable resources, we could create impactful tools that empower individuals during economic challenges."
241,35,34,"Collaborating would leverage your marketing expertise to enhance the outreach of the affordable mental health resources developed in my book, benefiting those in need."
242,35,45,A collaboration could leverage the pastor's community engagement expertise alongside the marketer's skills in building awareness to promote disaster relief initiatives effectively.
243,36,18,"Despite the lack of interest in networking, a collaboration could provide valuable insights into innovative strategies that may streamline business operations for future growth."
244,36,25,"Collaborating could leverage your expertise in sales coaching to enhance performance in networking strategies, benefiting both parties despite initial hesitations."
245,37,7,"Together, we can leverage our unique backgrounds to inspire and empower others, combining motivational speaking with insights into regional market trends to foster personal and professional growth."
246,37,9,Collaborating to promote your book's message through strategic marketing initiatives could greatly amplify its reach and impact.
247,37,10,Collaborating on community outreach initiatives could combine the Pastor's leadership and communication skills with the bookkeeping expert’s financial acumen to better serve those in need.
248,37,13,Collaborating to integrate innovative IT solutions that support disaster response and community services would leverage both technology trends and social impact expertise.
249,37,15,Collaborating could enhance knowledge in global business strategies and disaster response communications while expanding networks that benefit both e-commerce and community service initiatives.
250,37,16,Collaborating could enhance the effectiveness of small business leaders through tailored financial workshops and strategic performance improvements.
251,37,18,"Despite a reluctance to network, your expertise in business development and unique industry insights could provide valuable perspectives to enhance strategic opportunities in the tech sector."
252,37,20,"Collaborating could leverage impactful marketing strategies to promote the affordable resources provided in your book, reaching a wider audience in need."
253,37,25,"Partnering could provide innovative strategies to enhance sales and business growth, aligning with a shared commitment to sustainable development despite differing interest levels in networking."
254,37,27,"Collaborating could bring together effective financial management and accessible resources for small businesses, enhancing community support and growth."
255,37,32,Collaborating on initiatives to empower individuals through community programs and workshops can harness both of your strengths in leadership and self-confidence building.
256,37,34,"Collaborating could combine her inspirational messaging on overcoming fear with innovative technology solutions, empowering others to pursue successful careers in the tech industry."
257,37,43,A collaboration between your bookkeeping expertise and impactful marketing strategies could enhance small business financial health and visibility in the market.
258,37,45,Collaborating could leverage innovative accounting technology solutions to enhance small business financial operations and streamline bookkeeping processes.
259,38,18,Your extensive international experience in identifying market opportunities can be leveraged to create effective strategies for innovative product launches and revenue growth collaborations.
260,38,25,"Given the passion for helping small businesses and the ability to form instant rapport, collaborating could lead to impactful initiatives to support local entrepreneurship despite the initial reluctance to network."
261,38,27,Collaborating could leverage your coaching expertise and my insights from helping others to develop innovative programs for personal and professional growth.
262,39,15,Collaborating to develop innovative resources and support systems for small businesses could leverage your expertise in accessibility to impact those in need.
263,39,18,Collaborating to enhance productivity tools and management training could leverage our combined expertise to create impactful business services.
264,39,25,Collaborating on grief support programs and public speaking initiatives could provide valuable insights and resources to help individuals through difficult times.
265,39,27,"Collaborating to create accessible legal resources could empower individuals facing hardships, aligning with your mission of helping those in need."
266,39,34,"Collaborating could empower legal professionals with the confidence and resilience necessary to navigate challenges in their careers, inspired by personal stories of overcoming adversity."
267,40,18,Collaborated to enhance leadership effectiveness and performance through tailored workshop facilitation and process improvement strategies.
268,40,27,"Collaborating could leverage technology to inspire and empower individuals in their career journeys, blending innovation with impactful storytelling."
269,40,34,Combining expertise in technology trends with community outreach could yield innovative solutions to support disaster recovery and health initiatives.
270,41,18,"Collaborating would allow for a powerful sharing of personal narratives and strategies to overcome challenges, thereby inspiring a broader audience."
271,41,25,Collaborating on community disaster relief initiatives could leverage your expertise in social services and leadership while fostering meaningful connections.
272,41,27,Collaboration could be beneficial to develop affordable leadership training resources that empower businesses in challenging times.
273,42,15,"Given the interest in sports marketing and e-commerce, a collaboration could focus on creating affordable resources or workshops aimed at entrepreneurs in retail e-commerce, leveraging your book's principles on helping others."
274,42,16,"Given your extensive experience in leadership and community service, a collaboration could leverage innovative solutions for disaster relief efforts and community-building initiatives."
275,42,26,"Given your expertise in innovation sciences and technology evolution, collaborating to explore new avenues in product development could lead to impactful advancements in both education and industry."
276,42,27,"By leveraging your leadership expertise to streamline operations, we can enhance our innovative software's adoption, ultimately driving sales and expanding client reach while saving significant resources."
277,42,34,Collaborating could combine her inspirational speaking and resilience narrative with unique market insights from the broker associate perspective to develop impactful career advancement workshops.
278,42,45,These two backgrounds could collaborate on developing innovative technology solutions to enhance disaster response and social services through effective communication and leadership strategies.
279,43,18,"Given your unique expertise in grief support and public speaking, collaborating could provide valuable insights into emotional well-being trends, enhancing support services through innovative networking strategies."
280,43,25,The unique business development insights from the Texas-based consultant could offer valuable strategies for enhancing growth and networking opportunities in Oregon's emerging sectors.
281,43,37,A collaboration between your bookkeeping expertise and impactful marketing strategies could enhance small business financial health and visibility in the market.
282,44,18,"Given your leadership experience in entrepreneurship and a desire to support others in building legacies, collaborating could leverage your insights into creating impactful business ownership opportunities."
283,44,25,"Despite differing interests in networking, collaboration could leverage your marketing expertise to elevate brand visibility in a unique way within the Oregon market."
284,45,7,Their combined expertise in leadership and disaster response could foster innovative solutions for organizations facing social challenges.
285,45,8,Your expertise in overcoming leadership challenges could greatly benefit my initiatives in strategic networking and collaboration.
286,45,10,"Both backgrounds can synergize through a collaboration that focuses on leveraging leadership and communication skills to create innovative social programs that enhance community resilience, particularly in disaster recovery efforts."
287,45,12,The unique blend of financial insights and social service leadership can create impactful community programs that foster economic resilience in times of disaster.
288,45,13,Partnering could help you leverage innovative software to enhance e-commerce sales while expanding your knowledge in marketing and global business trends.
289,45,14,"Collaborating could enhance the small business financial strategies in e-commerce, leveraging innovative marketing insights to drive global retail growth."
290,45,15,"Given their interest in innovative marketing solutions and your unique software offering, a partnership could mutually enhance client acquisition and operational efficiency."
291,45,16,The unique financial insights from Background 1 could enhance the self-confidence initiatives of Background 2 through strategic funding and resource allocation to impact-driven projects.
292,45,17,The unique perspective of the attorney on legal services can enhance the retail e-commerce strategies while navigating legal landscapes in sports marketing and sponsorships.
293,45,18,"Despite their reluctance to network, a collaboration on innovative marketing strategies could effectively enhance brand visibility and consumer engagement in both the U.S. and Singapore markets."
294,45,21,"Despite one partner's lack of interest in networking, the unique marketing insights and brand awareness expertise could greatly enhance collaborative efforts in reaching new audiences and improving customer experience."
295,45,22,"Given your leadership experience in health and insurance, collaborating on innovative insurance solutions or group health initiatives could yield impactful benefits for communities while leveraging your unique industry insights."
296,45,23,Collaborating could enhance access to legal services for small businesses while integrating community-focused initiatives that support disaster relief efforts.
297,45,24,"Collaborating to create accessible marketing resources and strategies could empower individuals and small businesses, aligning with the mission of paying it forward through affordable support."
298,45,25,"Given your systematic approach to financial success for small businesses, a collaboration could provide valuable insights into integrating innovative financial strategies within a tech-focused framework."
299,45,26,"Your expertise in transforming companies can greatly benefit my focus on strategic innovation, making it valuable to connect despite my initial reluctance towards networking."
300,45,28,Combining your insights into technology trends with the pastor's community focus could lead to innovative IT solutions for disaster management and social services.
301,45,29,The combination of your expertise in technology trends and my passion for helping others could lead to innovative IT solutions that empower communities during challenging times.
302,45,31,"By combining your expertise in HR consulting with my commitment to affordable self-help resources, we could develop innovative strategies that empower individuals and organizations during challenging times."
303,45,32,The HR consulting expertise combined with the Pastor's leadership and community service background can create impactful programs that support disaster recovery and workforce development initiatives.
304,45,35,A collaboration could leverage the pastor's community engagement expertise alongside the marketer's skills in building awareness to promote disaster relief initiatives effectively.
305,45,37,Collaborating could leverage innovative accounting technology solutions to enhance small business financial operations and streamline bookkeeping processes.
306,45,42,These two backgrounds could collaborate on developing innovative technology solutions to enhance disaster response and social services through effective communication and leadership strategies.
307,45,46,"Collaborating could leverage your expertise in small business accounting with their focus on transforming companies, leading to innovative financial solutions for growth."
308,46,8,Collaboration could focus on leveraging technology to enhance community outreach and support disaster relief efforts through innovative IT solutions.
309,46,18,"Despite one partner's lack of interest in networking, the other could provide valuable insights into communication strategies that could enhance business activities."
310,46,26,Collaborating could leverage your unique software to boost client engagement and sales while enhancing the self-confidence initiatives of your partner in Virginia.
311,46,27,"By combining your expertise in regional account management with my dedication to helping others through accessible resources, we can create impactful initiatives that address community needs."
312,46,45,"Collaborating could leverage your expertise in small business accounting with their focus on transforming companies, leading to innovative financial solutions for growth."
313,47,27,Collaborating to provide financial education and disaster relief strategies could leverage both parties' expertise in leadership and community service.
314,47,34,Collaborating to enhance small business visibility through targeted marketing strategies can significantly boost both accounting and brand awareness efforts.
